-- MySQL dump 10.13  Distrib 8.0.13, for Win64 (x86_64)
--
-- Host: localhost    Database: mapa
-- ------------------------------------------------------
-- Server version	8.0.13

/*!40101 SET @OLD_CHARACTER_SET_CLIENT=@@CHARACTER_SET_CLIENT */;
/*!40101 SET @OLD_CHARACTER_SET_RESULTS=@@CHARACTER_SET_RESULTS */;
/*!40101 SET @OLD_COLLATION_CONNECTION=@@COLLATION_CONNECTION */;
 SET NAMES utf8 ;
/*!40103 SET @OLD_TIME_ZONE=@@TIME_ZONE */;
/*!40103 SET TIME_ZONE='+00:00' */;
/*!40014 SET @OLD_UNIQUE_CHECKS=@@UNIQUE_CHECKS, UNIQUE_CHECKS=0 */;
/*!40014 SET @OLD_FOREIGN_KEY_CHECKS=@@FOREIGN_KEY_CHECKS, FOREIGN_KEY_CHECKS=0 */;
/*!40101 SET @OLD_SQL_MODE=@@SQL_MODE, SQL_MODE='NO_AUTO_VALUE_ON_ZERO' */;
/*!40111 SET @OLD_SQL_NOTES=@@SQL_NOTES, SQL_NOTES=0 */;

--
-- Table structure for table `excerpts`
--

DROP TABLE IF EXISTS `excerpts`;
/*!40101 SET @saved_cs_client     = @@character_set_client */;
 SET character_set_client = utf8mb4 ;
CREATE TABLE `excerpts` (
  `posX` int(11) NOT NULL,
  `posY` int(11) NOT NULL,
  `description` varchar(255) DEFAULT NULL,
  `path_id` int(11) DEFAULT NULL,
  `id` int(11) NOT NULL AUTO_INCREMENT,
  PRIMARY KEY (`id`),
  KEY `excerpts_path_id_idx` (`path_id`)
) ENGINE=InnoDB AUTO_INCREMENT=432 DEFAULT CHARSET=utf8mb4 COLLATE=utf8mb4_0900_ai_ci;
/*!40101 SET character_set_client = @saved_cs_client */;

--
-- Dumping data for table `excerpts`
--

LOCK TABLES `excerpts` WRITE;
/*!40000 ALTER TABLE `excerpts` DISABLE KEYS */;
INSERT INTO `excerpts` VALUES (555,1664,NULL,1,1),(496,1584,'Caminhe através do pátio passando ao lado do palco de apresentações',1,2),(555,1664,NULL,2,3),(474,1637,'Atravesse pelo pátio em direção a livraria',2,4),(555,1664,NULL,3,5),(585,1719,'Desça através do caminho coberto em direção a saída para terminal central',3,6),(580,1734,'Acesse a rampa lateral a sua direita',3,7),(597,1763,'Continue pela rampa e entre no corredor a sua direita',3,8),(540,1792,NULL,3,9),(555,1664,NULL,4,10),(608,1762,'Desça através do caminho coberto em direção a saída para terminal central',4,11),(496,1584,NULL,5,12),(555,1664,'Caminhe através do pátio passando ao lado do palco de apresentações',5,13),(496,1584,NULL,6,14),(474,1637,'Caminhe ao lado da Doce Pão até a livraria',6,15),(496,1584,NULL,7,16),(495,1561,'Atravesse a rua e acesse o porta do prédio a frente',7,17),(447,1533,'Atravesse a rua e acesse o porta do prédio a frente',7,18),(474,1637,NULL,8,19),(555,1664,'Vire a sua direita e caminhe através do pátio passando em frente aos banheiros',8,20),(474,1637,NULL,9,21),(496,1584,'Caminhe ao lado da Doce Pão em direção à saída a sua esquerda',9,22),(474,1637,NULL,10,23),(464,1682,'Passe em frente a livraria em direção ao restaurante',10,24),(399,1713,'Percorra todo o corredor passando pelo restaurante',10,25),(375,1744,'Ao final do corredor se dirija em direção ao monumento no pátio',10,26),(608,1762,NULL,11,27),(623,1787,'Desça através do caminho coberto em direção a saída para terminal central',11,28),(638,1793,NULL,11,29),(660,1837,'Passe pelo corredor até o Xerox',11,30),(608,1762,NULL,12,31),(555,1664,'Suba através do caminho coberto até o bloco XXI-A',12,32),(608,1762,NULL,13,33),(540,1792,'Suba a escadaria e percorra o corredor',13,34),(540,1792,NULL,14,35),(597,1763,'Saia em direção ao estacionamento dos blocos XXI',14,36),(580,1734,'Acesse a rampa lateral a sua esquerda, antes da escadaria',14,37),(585,1719,'Ao final da rampa, vire a esquerda',14,38),(555,1664,'Suba através do caminho coberto até o bloco XXI-A',14,39),(540,1792,NULL,15,40),(499,1771,'Caminhe em direção à saída lateral',15,41),(454,1688,'Siga em direção ao prédio a frente',15,42),(464,1682,NULL,15,43),(474,1637,'Passe em frente a livraria em direção ao restaurante',15,44),(540,1792,NULL,16,45),(608,1762,'Percorra o corredor em direção ao estacionamento, ao final desça as escadas',16,46),(540,1792,NULL,17,47),(453,1818,'Percorra o corredor em direção a saída dos fundos',17,48),(767,2040,NULL,18,49),(719,1948,'Caminhe em direção ao interior do campus. Vire a esquerda na próxima entrada',18,50),(700,1956,'Você já pode ver a porta de acesso à Biblioteca',18,51),(767,2040,NULL,19,52),(660,1837,'Caminhe em direção ao interior do campus. Siga sempre em frente até o próximo bloco',19,53),(767,2040,NULL,20,54),(639,2101,'Siga em direção a saída lateral do Hall de Entrada',20,55),(539,2127,'Atravesse todo estacionamento até o caminho paralelo ao bloco C',20,56),(660,1837,NULL,21,57),(767,2040,'Caminhe em direção a saída terminal de ônibus. Siga sempre em frente até o próximo bloco',21,58),(660,1837,NULL,22,59),(719,1948,'Caminhe em direção ao terminal de ônibus. Vire a direita na próxima entrada',22,60),(700,1956,'Você já pode ver a porta de acesso à Biblioteca',22,61),(660,1837,NULL,23,62),(638,1793,'Suba através do caminho coberto',23,63),(623,1787,NULL,23,64),(608,1762,'Suba através do caminho coberto',23,65),(700,1956,NULL,24,66),(719,1948,'Caminhe até o corredor principal e vire a sua direita',24,67),(767,2040,'Caminhe até o próximo bloco',24,68),(700,1956,NULL,25,69),(719,1948,'Caminhe até o corredor principal e vire a sua esquerda',25,70),(660,1837,'Caminhe até o próximo bloco',25,71),(700,1956,NULL,26,72),(626,1996,'Caminhe através do prédio em direção a saída dos fundos',26,73),(588,1983,NULL,26,74),(447,1533,NULL,27,75),(495,1561,'Atravesse a rua e acesse o porta de acesso a sua frente',27,76),(496,1584,'Atravesse a rua e acesse o porta de acesso a sua frente',27,77),(447,1533,NULL,28,78),(345,1620,'Caminhe em direção ao bloco Q, passando em frente ao DCE',28,79),(284,1667,'Caminhe em direção ao bloco Q, passando em frente ao DCE',28,80),(431,2216,NULL,29,81),(444,2212,'Caminhe em direção a porta de saída e vire à sua direita',29,82),(449,2222,'Siga em direção à próxima esquina',29,83),(431,2216,NULL,30,84),(444,2212,'Caminhe em direção a porta de saída e vire à sua esquerda',30,85),(416,2143,'Siga em direção à próxima esquina',30,86),(384,2125,NULL,31,87),(406,2116,'Caminhe em direção a porta de saída e vire à sua direita',31,88),(416,2143,'Siga em direção à esquina do blocos D e B',31,89),(384,2125,NULL,32,90),(406,2116,'Caminhe em direção a porta de saída e vire à sua esquerda',32,91),(395,2089,'Siga em direção à esquina do blocos E',32,92),(428,2107,NULL,33,93),(406,2116,'Caminhe em direção a porta de saída e vire à sua esquerda',33,94),(416,2143,'Siga em direção à esquina do blocos D e B',33,95),(428,2107,NULL,34,96),(406,2116,'Caminhe em direção a porta de saída e vire à sua direita',34,97),(395,2089,'Siga em direção à esquina do bloco E',34,98),(532,2174,NULL,35,99),(554,2166,'Caminhe em direção a porta de saída e vire à sua esquerda',35,100),(539,2127,'Siga em direção à próxima esquina',35,101),(470,2172,NULL,36,102),(490,2165,'Caminhe em direção a porta de saída e vire à sua direita',36,103),(504,2199,'Siga em direção à próxima esquina',36,104),(483,2085,NULL,37,105),(462,2094,'Caminhe em direção a porta de saída e vire à sua esquerda',37,106),(473,2121,'Siga em direção à esquina dos blocos E e F',37,107),(483,2085,NULL,38,108),(462,2094,'Caminhe em direção a porta de saída e vire à sua direita',38,109),(451,2067,'Siga em direção à esquina dos blocos E e F',38,110),(412,2032,NULL,39,111),(433,2024,'Caminhe em direção a porta de saída e vire à sua direita',39,112),(441,2041,'Siga em direção à próxima esquina',39,113),(412,2032,NULL,40,114),(433,2024,'Caminhe em direção a porta de saída e vire à sua esquerda',40,115),(420,1988,'Siga em direção à próxima esquina',40,116),(442,1980,NULL,41,117),(364,2011,'Siga em direção à saída e continue caminhando pelo corredor entre os blocos H e J',41,118),(442,1980,NULL,42,119),(420,1988,'Caminhe em direção a porta de saída e vire à sua esquerda',42,120),(441,2041,'Siga em direção à próxima esquina',42,121),(442,1980,NULL,43,122),(420,1988,'Caminhe em direção a porta de saída e vire à sua direita',43,123),(403,1944,'Siga em direção à próxima esquina',43,124),(385,1962,NULL,44,125),(406,1954,'Caminhe em direção a porta de saída e vire à sua direita',44,126),(420,1988,'Siga em direção à próxima esquina',44,127),(385,1962,NULL,45,128),(406,1954,'Caminhe em direção a porta de saída e vire à sua esquerda',45,129),(403,1944,NULL,45,130),(339,2018,NULL,46,131),(364,2011,'Caminhe em direção a porta de saída e vire à sua direita',46,132),(395,2089,'Siga em direção à próxima esquina',46,133),(339,2018,NULL,47,134),(364,2011,'Caminhe em direção a porta de saída e vire à sua esquerda',47,135),(336,1938,'Siga em direção à esquina entre os blocos J e M',47,136),(339,2018,NULL,48,137),(420,1988,'Saia pela porta e continue caminhando pelo corredor paralelo aos blocos H e J',48,138),(354,1887,NULL,49,139),(376,1878,'Caminhe em direção a porta de saída e vire à sua esquerda',49,140),(366,1850,'Siga em direção à próxima esquina',49,141),(354,1887,NULL,50,142),(376,1878,'Caminhe em direção a porta de saída e vire à sua direita',50,143),(391,1916,'Siga em direção à próxima esquina',50,144),(398,1870,NULL,51,145),(376,1878,'Caminhe em direção a porta de saída e vire à sua direita',51,146),(366,1850,'Siga em direção à próxima esquina',51,147),(398,1870,NULL,52,148),(376,1878,'Caminhe em direção a porta de saída e vire à sua esquerda',52,149),(391,1916,'Siga em direção à próxima esquina',52,150),(297,1909,NULL,53,151),(320,1902,'Caminhe em direção a porta de saída e vire à sua esquerda',53,152),(304,1858,'Siga em direção à próxima esquina',53,153),(297,1909,NULL,54,154),(320,1902,'Caminhe em direção a porta de saída e vire à sua direita',54,155),(336,1938,'Siga em direção à esquina entre os blocos J e M',54,156),(276,1830,NULL,55,157),(291,1826,'Caminhe em direção a porta de saída e vire à sua esquerda',55,158),(261,1750,'Caminhe até a próxima entrada',55,159),(276,1830,NULL,56,160),(320,1814,'Caminhe em direção a porta de saída e entre na porta à sua frente',56,161),(276,1830,NULL,57,162),(291,1826,'Caminhe em direção a porta de saída e vire à sua direita',57,163),(304,1858,'Caminhe até a próxima esquina',57,164),(261,1750,NULL,58,165),(291,1826,'Siga até o corredor entre os blocos O e N. Entre na primeira porta á sua direita',58,166),(276,1830,NULL,58,167),(261,1750,NULL,59,168),(197,1767,'Caminhe em direção a porta de saída e vire à sua direita',59,169),(171,1718,'Entre na próxima entrada à sua esquerda',59,170),(156,1725,NULL,59,171),(156,1725,NULL,60,172),(171,1718,'Caminhe em direção a porta de saída e vire à sua direita',60,173),(197,1767,'Siga em direção ao prédio a sua esquerda',60,174),(261,1750,'Acesse a porta de entrada',60,175),(156,1725,NULL,61,176),(284,1667,'Caminhe em direção a porta de saída e siga em direção ao estacionamento à sua frente',61,177),(284,1667,NULL,62,178),(156,1725,'Atravesse todo o pátio e siga em direção ao bloco Q',62,179),(284,1667,NULL,63,180),(345,1620,'Caminhe em direção ao DCE',63,181),(447,1533,'Continue andando pelo caminho em direção ao bloco de Apoio Logístico',63,182),(284,1667,NULL,64,183),(258,1629,NULL,64,184),(258,1629,NULL,65,185),(284,1667,'Caminhe me direção ao pátio externo',65,186),(320,1814,NULL,66,187),(291,1826,'Siga até o corredor entre os blocos O e N. Entre na primeira porta á sua direita',66,188),(276,1830,NULL,66,189),(320,1814,NULL,67,190),(347,1803,'Caminhe em direção a porta de saída e vire à sua esquerda',67,191),(320,1726,'Caminhe até a saída para o pátio',67,192),(320,1814,NULL,68,193),(347,1803,'Caminhe em direção a porta de saída e vire à sua direita',68,194),(359,1836,'Caminhe até a próxima esquina',68,195),(359,1836,NULL,69,196),(347,1803,'Siga em direção ao corredor coberto, e entre na primeira porta à sua esquerda',69,197),(320,1814,NULL,69,198),(320,1726,NULL,70,199),(347,1803,'Siga pelo corredor coberto até próxima porta à sua direita',70,200),(320,1814,NULL,70,201),(304,1858,NULL,71,202),(291,1826,'Siga pelo caminho entre os blocos O e N. Entre na primeira porta à sua esquerda',71,203),(276,1830,NULL,71,204),(304,1858,NULL,72,205),(320,1902,'Siga pelo corredor entre os blocos K e M. Entre na primeira porta á sua direita',72,206),(297,1909,NULL,72,207),(336,1938,NULL,73,208),(320,1902,'Siga pelo corredor entre os blocos K e M. Entre na primeira porta á sua esquerda',73,209),(297,1909,NULL,73,210),(366,1850,NULL,74,211),(376,1878,'Caminhe pelo caminho entre os blocos M e L e entre na próxima porta à sua esquerda',74,212),(398,1870,NULL,74,213),(391,1916,NULL,75,214),(376,1878,'Caminhe pelo caminho entre os blocos M e L e entre na próxima porta à sua direita',75,215),(398,1870,NULL,75,216),(366,1850,NULL,76,217),(376,1878,'Caminhe pelo caminho entre os blocos M e L e entre na próxima porta à sua direita',76,218),(354,1887,NULL,76,219),(391,1916,NULL,77,220),(376,1878,'Caminhe pelo caminho entre os blocos M e L e entre na próxima porta à sua esquerda',77,221),(354,1887,NULL,77,222),(420,1988,NULL,78,223),(339,2018,'Caminhe pelo corredor paralelo aos blocos H e J e entre na porta à frente',78,224),(336,1938,NULL,79,225),(364,2011,'Caminhe pelo corredor paralelo ao bloco J e entre na primeira entrada à sua direita',79,226),(339,2018,NULL,79,227),(395,2089,NULL,80,228),(364,2011,'Caminhe pelo corredor paralelo ao bloco H e entre na primeira entrada à sua esquerda',80,229),(339,2018,NULL,80,230),(403,1944,NULL,81,231),(406,1954,'Entre na porta à sua direita',81,232),(385,1962,NULL,81,233),(420,1988,NULL,82,234),(406,1954,'Siga pelo corredor entre os blocos I e J, e entre na primeira porta à sua esquerda',82,235),(385,1962,NULL,82,236),(403,1944,NULL,83,237),(420,1988,'Caminhe pelo corredor que passa em frente ao bloco J, entre na primeira porta à sua esquerda',83,238),(442,1980,NULL,83,239),(441,2041,NULL,84,240),(420,1988,'Caminhe pelo corredor que passa em frente ao bloco H, entre na primeira porta à sua direita',84,241),(442,1980,NULL,84,242),(364,2011,NULL,85,243),(442,1980,'Caminhe pelo corredor entre os blocos H e J e entre na entrada a sua frente',85,244),(441,2041,NULL,86,245),(433,2024,'Siga pelo corredor do bloco H e entre na próxima entrada a sua esquerda',86,246),(412,2032,NULL,86,247),(420,1988,NULL,87,248),(433,2024,'Siga pelo corredor paralelo ao bloco H e entre na próxima entrada a sua direita',87,249),(412,2032,NULL,87,250),(588,1983,NULL,88,251),(626,1996,'Caminhe através do prédio em direção a entrada frontal',88,252),(700,1956,NULL,88,253),(473,2121,NULL,89,254),(462,2094,'Caminhe entre os blocos E e F e entre na próxima entrada a sua direita',89,255),(483,2085,NULL,89,256),(451,2067,NULL,90,257),(462,2094,'Caminhe entre os blocos E e F e entre na próxima entrada a sua esquerda',90,258),(483,2085,NULL,90,259),(504,2199,NULL,91,260),(490,2165,'Caminhe entre os blocos B e C e entre na próxima entrada a sua esquerda',91,261),(470,2172,NULL,91,262),(539,2127,NULL,92,263),(554,2166,'Caminhe pela lateral do bloco C e entre na entrada a sua direita',92,264),(532,2174,NULL,92,265),(539,2127,NULL,93,266),(639,2101,'Atravesse todo estacionamento até o prédio a sua frente',93,267),(767,2040,NULL,93,268),(416,2143,NULL,94,269),(406,2116,'Entre na próxima entrada à sua esquerda',94,270),(384,2125,NULL,94,271),(395,2089,NULL,95,272),(406,2116,'Entre na próxima entrada a sua direita',95,273),(384,2125,NULL,95,274),(416,2143,NULL,96,275),(406,2116,'Entre na próxima entrada à sua direita',96,276),(428,2107,NULL,96,277),(395,2089,NULL,97,278),(406,2116,'Entre na próxima entrada a sua esquerda',97,279),(428,2107,NULL,97,280),(449,2222,NULL,98,281),(444,2212,'Entre na próxima entrada a sua esquerda',98,282),(431,2216,NULL,98,283),(416,2143,NULL,99,284),(444,2212,'Siga pelo corredor e entre na próxima entrada a sua direita',99,285),(431,2216,NULL,99,286),(453,1818,NULL,100,287),(540,1792,'Entre na próxima porta a sua frente',100,288),(453,1818,NULL,101,289),(437,1783,'TODO',101,290),(388,1768,'TODO',101,291),(375,1744,'TODO',101,292),(375,1744,NULL,102,293),(399,1713,'Se dirija em direção ao restaurante',102,294),(464,1682,'Percorra todo o corredor passando pelo restaurante',102,295),(474,1637,'Ao chegar em frente a livraria você está no XII-C',102,296),(474,1637,NULL,103,297),(464,1682,'Passe em frente a livraria e entre no primeiro caminho à sua esquerda',103,298),(454,1688,NULL,103,299),(499,1771,'Caminhe em direção a porta a sua frente',103,300),(540,1792,NULL,103,301),(375,1744,NULL,104,302),(388,1768,'TODO',104,303),(437,1783,'TODO',104,304),(453,1818,'TODO',104,305),(453,1818,NULL,105,306),(488,1911,'Atravesse a Praça do Estudante e siga pelo caminho entre o jardim',105,307),(488,1911,NULL,106,308),(453,1818,'Suba o caminho em direção a Praça do Estudante',106,309),(453,1818,NULL,107,310),(366,1850,'Siga pelo caminho paralelo ao bloco L em direção ao bloco M',107,311),(366,1850,NULL,108,312),(453,1818,'Siga pelo caminho paralelo ao bloco L em direção ao prédio do Centac',108,313),(488,1911,NULL,109,314),(527,2009,'Caminhe em direção ao estacionamento',109,315),(539,2127,'Atravesse o estacionamento em direção ao bloco C',109,316),(539,2127,NULL,110,317),(527,2009,'Atravesse o estacionamento em direção ao prédio da biblioteca',110,318),(488,1911,'Suba o caminho que leva á Praça do Estudante',110,319),(488,1911,NULL,111,320),(527,2009,'Caminhe em direção ao estacionamento',111,321),(441,2041,'Entre à direita no caminho, antes de chegar ao estacionamento',111,322),(441,2041,NULL,112,323),(527,2009,'Siga em direção ao prédio da Biblioteca. Entre no primeiro caminho a esquerda',112,324),(488,1911,'Suba o caminho que leva á Praça do Estudante',112,325),(488,1911,NULL,113,326),(527,2009,'Caminhe em direção ao estacionamento',113,327),(588,1983,'Entre à esquerda no caminho, antes de chegar ao estacionamento. Siga até o prédio à frente',113,328),(588,1983,NULL,114,329),(527,2009,'Siga em direção ao estacionamento. Entre no primeiro caminho a direita',114,330),(488,1911,'Suba o caminho que leva á Praça do Estudante',114,331),(488,1911,NULL,115,332),(403,1944,'Percorra o caminho entre os jardins, até o bloco J',115,333),(403,1944,NULL,116,334),(488,1911,'Caminhe pelo caminho entre os jardins, em direção ao pátio externo',116,335),(588,1983,NULL,117,336),(527,2009,'Caminhe em direção ao pátio',117,337),(539,2127,'Atravesse o estacionamento até o bloco C',117,338),(539,2127,NULL,118,339),(527,2009,'Atravesse o estacionamento até o prédio da biblioteca',118,340),(588,1983,'Siga até o prédio à frente',118,341),(588,1983,NULL,119,342),(527,2009,'Caminhe em direção ao pátio',119,343),(441,2041,'Siga até o prédio à frente',119,344),(441,2041,NULL,120,345),(527,2009,'Caminhe em direção ao pátio externo',120,346),(588,1983,'Siga até o prédio à frente',120,347),(451,2067,NULL,121,348),(441,2041,'Siga em direção ao bloco H',121,349),(441,2041,NULL,122,350),(451,2067,'Siga em direção aos bloco E e F',122,351),(504,2199,NULL,123,352),(484,2148,'Siga entre os blocos B e C',123,353),(484,2148,NULL,124,354),(504,2199,'Siga entre os blocos B e C',124,355),(484,2148,NULL,125,356),(539,2127,'Caminhe em direção ao estacionamento',125,357),(539,2127,NULL,126,358),(484,2148,'Caminhe em direção ao bloco B',126,359),(375,1744,NULL,127,360),(334,1718,'Acesse a entrada ao lado do monumento',127,361),(322,1718,'Acesse a entrada ao lado do monumento',127,362),(320,1726,'Acesse a entrada ao lado do monumento',127,363),(320,1726,NULL,128,364),(322,1718,'Saia em direção ao Parque do Estudante',128,365),(334,1718,'Saia em direção ao Parque do Estudante',128,366),(375,1744,'Saia em direção ao Parque do Estudante',128,367),(284,1667,NULL,129,368),(375,1744,'Caminhe através do pátio em direção ao restaurante do bloco XXI-C',129,369),(375,1744,NULL,130,370),(284,1667,'Contorne o restaurante e siga em direção ao estacionamento dos fundos',130,371),(359,1836,NULL,131,372),(304,1858,'Caminhe pelo corredor paralelo ao bloco N',131,373),(304,1858,NULL,132,374),(359,1836,'Caminhe pelo corredor paralelo ao bloco N',132,375),(359,1836,NULL,133,376),(320,1726,'Caminhe passando por frente do bloco N e siga até a saída para o pátio',133,377),(320,1726,NULL,134,378),(359,1836,'Caminhe pelo corredor coberto passando por frente do bloco N',134,379),(336,1938,NULL,135,380),(304,1858,'Caminhe pelo corredor paralelo entre os blocos K e M',135,381),(304,1858,NULL,136,382),(336,1938,'Caminhe pelo corredor paralelo entre os blocos K e M',136,383),(359,1836,NULL,137,384),(366,1850,'Siga pelo corredor em direção ao blocos L e M',137,385),(366,1850,NULL,138,386),(359,1836,'Siga pelo corredor do bloco N',138,387),(391,1916,NULL,139,388),(366,1850,'Siga pelo corredor passando entre os corredores M e L',139,389),(366,1850,NULL,140,390),(391,1916,'Siga pelo corredor passando entre os corredores M e L',140,391),(391,1916,NULL,141,392),(336,1938,'Caminhe pelo corredor entre os blocos J e M',141,393),(336,1938,NULL,142,394),(391,1916,'Caminhe pelo corredor entre os blocos J e M',142,395),(391,1916,NULL,143,396),(403,1944,'Siga em direção ao corredor do bloco J',143,397),(403,1944,NULL,144,398),(391,1916,'Siga em direção aos blocos L e M',144,399),(473,2121,NULL,145,400),(484,2148,'Siga em frente em direção a próxima esquina',145,401),(484,2148,NULL,146,402),(473,2121,'Caminhe em direção aos blocos E e F',146,403),(504,2199,NULL,147,404),(449,2222,'Caminhe pelo corredor passando ao lado do bloco B',147,405),(449,2222,NULL,148,406),(504,2199,'Caminhe pelo corredor passando ao lado do bloco B',148,407),(449,2222,NULL,149,408),(416,2143,'Caminhe pelo corredor, passando em entre os A e B até a esquina',149,409),(416,2143,NULL,150,410),(449,2222,'Caminhe pelo corredor, passando em entre os A e B até a esquina',150,411),(416,2143,NULL,151,412),(473,2121,'Siga pelo corredor paralelo ao bloco E',151,413),(473,2121,NULL,152,414),(416,2143,'Siga pelo corredor paralelo ao bloco E',152,415),(395,2089,NULL,153,416),(364,2011,'Siga pelo corredor paralelo ao bloco H',153,417),(364,2011,NULL,154,418),(395,2089,'Siga pelo corredor paralelo ao bloco H',154,419),(336,1938,NULL,155,420),(364,2011,'Siga pelo corredor paralelo ao bloco J',155,421),(364,2011,NULL,156,422),(336,1938,'Siga pelo corredor paralelo ao bloco J',156,423),(395,2089,NULL,157,424),(451,2067,'Siga pelo corredor paralelo ao bloco E',157,425),(451,2067,NULL,158,426),(395,2089,'Siga pelo corredor paralelo ao bloco E',158,427),(364,2011,NULL,159,428),(420,1988,'Caminhe pelo corredor entre os blocos H e J',159,429),(420,1988,NULL,160,430),(364,2011,'Caminhe pelo corredor entre os blocos H e J',160,431);
/*!40000 ALTER TABLE `excerpts` ENABLE KEYS */;
UNLOCK TABLES;

--
-- Table structure for table `paths`
--

DROP TABLE IF EXISTS `paths`;
/*!40101 SET @saved_cs_client     = @@character_set_client */;
 SET character_set_client = utf8mb4 ;
CREATE TABLE `paths` (
  `originPlace_id` int(11) NOT NULL,
  `destinationPlace_id` int(11) NOT NULL,
  `distance` int(11) DEFAULT NULL,
  `isAccessibleReducedMobility` tinyint(1) DEFAULT NULL,
  `id` int(11) NOT NULL AUTO_INCREMENT,
  PRIMARY KEY (`id`)
) ENGINE=InnoDB AUTO_INCREMENT=161 DEFAULT CHARSET=utf8mb4 COLLATE=utf8mb4_0900_ai_ci;
/*!40101 SET character_set_client = @saved_cs_client */;

--
-- Dumping data for table `paths`
--

LOCK TABLES `paths` WRITE;
/*!40000 ALTER TABLE `paths` DISABLE KEYS */;
INSERT INTO `paths` VALUES (1,2,38,1,1),(1,3,33,1,2),(1,4,67,1,3),(1,28,43,1,4),(2,1,38,1,5),(2,3,22,1,6),(2,25,29,1,7),(3,1,33,1,8),(3,2,22,1,9),(3,30,60,1,10),(28,5,36,1,11),(28,1,43,1,12),(28,4,28,0,13),(4,1,67,1,14),(4,3,74,1,15),(4,28,28,0,16),(4,29,35,0,17),(26,6,48,1,18),(26,5,89,1,19),(26,57,95,0,20),(5,26,89,1,21),(5,6,57,1,22),(5,28,36,1,23),(6,26,48,1,24),(6,5,57,1,25),(6,58,47,1,26),(25,2,29,1,27),(25,27,82,1,28),(7,54,9,1,29),(7,51,34,1,30),(10,51,20,1,31),(10,47,20,1,32),(11,51,20,1,33),(11,47,20,1,34),(9,57,25,1,35),(8,55,22,1,36),(12,52,19,1,37),(12,48,19,1,38),(14,46,15,1,39),(14,44,22,1,40),(15,43,32,1,41),(15,46,31,1,42),(15,31,27,1,43),(16,44,22,1,44),(16,31,12,1,45),(13,47,42,1,46),(13,33,40,1,47),(13,44,33,1,48),(18,35,20,1,49),(18,41,24,1,50),(19,35,20,1,51),(19,41,24,1,52),(17,40,27,1,53),(17,33,24,1,54),(21,22,37,1,55),(21,20,18,1,56),(21,40,19,1,57),(22,21,37,1,58),(22,23,52,1,59),(23,22,52,1,60),(23,27,54,1,61),(27,23,54,1,62),(27,25,82,1,63),(27,24,17,1,64),(24,27,17,1,65),(20,21,18,1,66),(20,37,42,1,67),(20,36,24,1,68),(36,20,24,1,69),(37,20,42,1,70),(40,21,19,1,71),(40,17,27,1,72),(33,17,24,1,73),(35,19,20,1,74),(41,19,24,1,75),(35,18,20,1,76),(41,18,24,1,77),(44,13,33,1,78),(33,13,40,1,79),(47,13,42,1,80),(31,16,12,1,81),(44,16,22,1,82),(31,15,27,1,83),(46,15,31,1,84),(43,15,32,1,85),(46,14,15,1,86),(44,14,22,1,87),(58,6,47,1,88),(52,12,19,1,89),(48,12,19,1,90),(55,8,22,1,91),(57,9,25,1,92),(57,26,95,0,93),(51,10,20,1,94),(47,10,20,1,95),(51,11,20,1,96),(47,11,20,1,97),(54,7,9,1,98),(51,7,34,1,99),(29,4,35,0,100),(29,30,44,1,101),(30,3,60,1,102),(3,4,74,1,103),(30,29,44,1,104),(29,60,38,1,105),(60,29,38,0,106),(29,35,36,1,107),(35,29,36,0,108),(60,57,87,0,109),(57,60,87,0,110),(60,46,76,1,111),(46,60,76,1,112),(60,58,66,1,113),(58,60,66,1,114),(60,31,35,1,115),(31,60,35,1,116),(58,57,71,0,117),(57,58,71,0,118),(58,46,60,1,119),(46,58,60,1,120),(48,46,10,1,121),(46,48,10,1,122),(55,56,21,1,123),(56,55,21,1,124),(56,57,22,1,125),(57,56,22,1,126),(30,37,25,1,127),(37,30,25,1,128),(27,30,46,1,129),(30,27,46,1,130),(36,40,23,1,131),(40,36,23,1,132),(36,37,45,1,133),(37,36,45,1,134),(33,40,33,1,135),(40,33,33,1,136),(36,35,6,1,137),(35,36,6,1,138),(41,35,27,1,139),(35,41,27,1,140),(41,33,23,1,141),(33,41,23,1,142),(41,31,11,1,143),(31,41,11,1,144),(52,56,11,1,145),(56,52,11,1,146),(55,54,23,1,147),(54,55,23,1,148),(54,51,33,1,149),(51,54,33,1,150),(51,52,23,1,151),(52,51,23,1,152),(47,43,32,1,153),(43,47,32,1,154),(33,43,30,1,155),(43,33,30,1,156),(47,48,23,1,157),(48,47,23,1,158),(43,44,23,1,159),(44,43,23,1,160);
/*!40000 ALTER TABLE `paths` ENABLE KEYS */;
UNLOCK TABLES;

--
-- Table structure for table `places`
--

DROP TABLE IF EXISTS `places`;
/*!40101 SET @saved_cs_client     = @@character_set_client */;
 SET character_set_client = utf8mb4 ;
CREATE TABLE `places` (
  `name` varchar(255) NOT NULL,
  `isPlace` tinyint(1) DEFAULT NULL,
  `id` int(11) NOT NULL AUTO_INCREMENT,
  PRIMARY KEY (`id`)
) ENGINE=InnoDB AUTO_INCREMENT=61 DEFAULT CHARSET=utf8mb4 COLLATE=utf8mb4_0900_ai_ci;
/*!40101 SET character_set_client = @saved_cs_client */;

--
-- Dumping data for table `places`
--

LOCK TABLES `places` WRITE;
/*!40000 ALTER TABLE `places` DISABLE KEYS */;
INSERT INTO `places` VALUES ('XXI-A',1,1),('XXI-B',1,2),('XXI-C',1,3),('Centac',1,4),('Bloco da Reitoria / Museu',1,5),('Biblioteca',1,6),('Bloco A',1,7),('Bloco B',1,8),('Bloco C',1,9),('Bloco D',1,10),('Bloco E',1,11),('Bloco F',1,12),('Bloco G',1,13),('Bloco H',1,14),('Bloco I',1,15),('Bloco J',1,16),('Bloco K',1,17),('Bloco M',1,18),('Bloco L',1,19),('Bloco N',1,20),('Bloco O',1,21),('Bloco P - Pós e Extensão',1,22),('Bloco Q',1,23),('Bloco Z',1,24),('Bloco Apoio Logístico',1,25),('Hall de Entrada',1,26),('Pátio bloco Z',0,27),('Escadaria Centac',0,28),('Entre Centac e Blocos',0,29),('Entre XXI-C e Blocos',0,30),('Chegada I e J',0,31),('Entradas K',0,32),('Esquina KLJ',0,33),('Entradas L e M',0,34),('Chegada L e M',0,35),('Esquina NLM',0,36),('Acesso N e P',0,37),('Entrada N',0,38),('Entradas N e O',0,39),('Esquina ONKL',0,40),('Esquina LMJ',0,41),('Entrada J',0,42),('Esquina HGJ',0,43),('Esquina HIJ',0,44),('Entrada H',0,45),('Chegada H',0,46),('Esquina DEH',0,47),('Esquina EFH',0,48),('Entrada F',0,49),('Entrada DE',0,50),('Esquina ABDE',0,51),('Esquina BEF',0,52),('Entrada B',0,53),('Esquina AB',0,54),('Esquina BC',0,55),('Esquina BCE',0,56),('Chegada C',0,57),('Saída Biblioteca para Blocos',0,58),('Chegada Biblioteca para Blocos',0,59),('Meio Caminho Centac',0,60);
/*!40000 ALTER TABLE `places` ENABLE KEYS */;
UNLOCK TABLES;
/*!40103 SET TIME_ZONE=@OLD_TIME_ZONE */;

/*!40101 SET SQL_MODE=@OLD_SQL_MODE */;
/*!40014 SET FOREIGN_KEY_CHECKS=@OLD_FOREIGN_KEY_CHECKS */;
/*!40014 SET UNIQUE_CHECKS=@OLD_UNIQUE_CHECKS */;
/*!40101 SET CHARACTER_SET_CLIENT=@OLD_CHARACTER_SET_CLIENT */;
/*!40101 SET CHARACTER_SET_RESULTS=@OLD_CHARACTER_SET_RESULTS */;
/*!40101 SET COLLATION_CONNECTION=@OLD_COLLATION_CONNECTION */;
/*!40111 SET SQL_NOTES=@OLD_SQL_NOTES */;

-- Dump completed on 2018-11-26 23:18:57
